{
    "Khadgar": 1080,
    "Bloodhoof": 1080,
    "Dentarg": 1084,
    "Tarren Mill": 1084,
    "Karazhan": 1596,
    "Dragonblight": 1596,
    "The Maelstrom": 1596,
    "Ghostlands": 1596,
    "Lightning's Blade": 1596,
    "Deathwing": 1596,
    "Auchindoun": 1597,
    "Dunemaul": 1597,
    "Sylvanas": 1597,
    "Jaedenar": 1597,
    "Shattered Halls": 1598,
    "Chromaggus": 1598,
    "Sunstrider": 1598,
    "Balnazzar": 1598,
    "Talnivarr": 1598,
    "Ahn'Qiraj": 1598,
    "Daggerspine": 1598,
    "Laughing Skull": 1598,
    "Trollbane": 1598,
    "Boulderfist": 1598,
    "Gordunni": 1602,
    "Soulflayer": 1604,
    "Deathguard": 1605,
    "Galakrond": 1614,
    "Deepholm": 1614,
    "Razuvious": 1614,
    "Thrall": 604,
    "Kargath": 604,
    "Ambossar": 604,
    "Emeriss": 1091,
    "Twilight's Hammer": 1091,
    "Bloodscalp": 1091,
    "Crushridge": 1091,
    "Agamaggan": 1091,
    "Hakkar": 1091,
    "Drak'thul": 1092,
    "Burning Blade": 1092,
    "Ysera": 1097,
    "Malorne": 1097,
    "Malygos": 1098,
    "Malfurion": 1098,
    "Anetheron": 1104,
    "Kil'jaeden": 1104,
    "Rajaxx": 1104,
    "Festung der Sturme": 1104,
    "Gul'dan": 1104,
    "Nathrezim": 1104,
    "Nazjatar": 1105,
    "Zuluhed": 1105,
    "Dalvengyr": 1105,
    "Aman'Thul": 1105,
    "Frostmourne": 1105,
    "Anub'arak": 1105,
    "Die Arguswacht": 1121,
    "Die ewige Wacht": 1121,
    "Die Todeskrallen": 1121,
    "Das Syndikat": 1121,
    "Der abyssische Rat": 1121,
    "Kult der Verdammten": 1121,
    "Das Konsortium": 1121,
    "Die Silberne Hand": 1121,
    "Uldaman": 1122,
    "Drek'Thar": 1122,
    "Krasus": 1122,
    "Eitrigg": 1122,
    "Confrerie du Thorium": 1127,
    "La Croisade ecarlate": 1127,
    "Culte de la Rive noire": 1127,
    "Les Sentinelles": 1127,
    "Kirin Tor": 1127,
    "Les Clairvoyants": 1127,
    "Conseil des Ombres": 1127,
    "Turalyon": 1402,
    "Doomhammer": 1402,
    "Blade's Edge": 1416,
    "Eonar": 1416,
    "Vek'nilash": 1416,
    "Aerie Peak": 1416,
    "Bronzebeard": 1416,
    "Dethecus": 531,
    "Theradras": 531,
    "Onyxia": 531,
    "Mug'thol": 531,
    "Terrordar": 531,
    "Vol'jin": 510,
    "Chants eternels": 510,
    "Arak-arahm": 512,
    "Rashgarroth": 512,
    "Kael'thas": 512,
    "Throk'Feroth": 512,
    "Nefarian": 612,
    "Gilneas": 612,
    "Destromath": 612,
    "Ulduar": 612,
    "Mannoroth": 612,
    "Gorgonnash": 612,
    "Nera'thor": 612,
    "Kor'gall": 633,
    "Executus": 633,
    "Shattered Hand": 633,
    "Bloodfeather": 633,
    "Terokkar": 633,
    "Saurfang": 633,
    "Darkspear": 633,
    "Burning Steppes": 633,
    "Suramar": 1331,
    "Medivh": 1331,
    "Garrosh": 1401,
    "Shattrath": 1401,
    "Nozdormu": 1401,
    "Perenolde": 1401,
    "Teldrassil": 1401,
    "Draenor": 1403,
    "Arygos": 1406,
    "Khaz'goroth": 1406,
    "Marecage de Zangar": 1621,
    "Cho'gall": 1621,
    "Eldre'Thalas": 1621,
    "Sinstralis": 1621,
    "Dalaran": 1621,
    "Naxxramas": 1624,
    "Arathi": 1624,
    "Illidan": 1624,
    "Temple noir": 1624,
    "Arthas": 578,
    "Blutkessel": 578,
    "Wrathbringer": 578,
    "Durotan": 578,
    "Kel'Thuzad": 578,
    "Vek'lor": 578,
    "Tirion": 578,
    "Blackmoore": 580,
    "Tichondrius": 580,
    "Lordaeron": 580,
    "Howling Fjord": 1615,
    "Chamber of Aspects": 1307,
    "Pozzo dell'Eternita": 1309,
    "Blackrock": 581,
    "Garona": 509,
    "Sargeras": 509,
    "Ner'zhul": 509,
    "Aggramar": 1325,
    "Hellscream": 1325,
    "Ravencrest": 1329,
    "Ysondre": 1335,
    "Wildhammer": 1313,
    "Thunderhorn": 1313,
    "Nemesis": 1316,
    "Fordragon": 1623,
    "Lothar": 570,
    "Baelgun": 570,
    "Azshara": 570,
    "Krag'jin": 570,
    "Scarshield Legion": 1096,
    "Sporeggar": 1096,
    "Earthen Ring": 1096,
    "Defias Brotherhood": 1096,
    "Ravenholdt": 1096,
    "Darkmoon Faire": 1096,
    "The Venture Co": 1096,
    "Kul Tiras": 1082,
    "Alonsus": 1082,
    "Anachronos": 1082,
    "Dun Modr": 1378,
    "C'Thun": 1378,
    "Zul'jin": 1379,
    "Uldum": 1379,
    "Sanguino": 1379,
    "Shen'dralar": 1379,
    "Tyrande": 1384,
    "Los Errantes": 1384,
    "Colinas Pardas": 1384,
    "Exodar": 1385,
    "Minahonda": 1385,
    "Lightbringer": 1388,
    "Mazrigos": 1388,
    "Bronze Dragonflight": 1393,
    "Nordrassil": 1393,
    "Quel'Thalas": 1396,
    "Azjol-Nerub": 1396,
    "Un'Goro": 1400,
    "Sen'jin": 1400,
    "Area 52": 1400,
    "Rexxar": 1099,
    "Alleria": 1099,
    "Die Aldor": 1618,
    "Hyjal": 1390,
    "Eversong": 1925,
    "Goldrinn": 1928,
    "Lich King": 1928,
    "Greymane": 1928,
    "Blackscar": 1929,
    "Deathweaver": 1929,
    "Borean Tundra": 1929,
    "Thermaplugg": 1929,
    "Grom": 1929,
    "Booty Bay": 1929,
    "Todeswache": 1405,
    "Zirkel des Cenarius": 1405,
    "Der Mithrilorden": 1405,
    "Forscherliga": 1405,
    "Der Rat von Dalaran": 1405,
    "Die Nachtwache": 1405,
    "Azuremyst": 1417,
    "Stormrage": 1417,
    "Stormscale": 2073,
    "Terenas": 2074,
    "Emerald Dream": 2074,
    "Archimonde": 1302,
    "Grim Batol": 1303,
    "Aggra (Portuguus)": 1303,
    "Frostmane": 1303,
    "Kazzak": 1305,
    "Moonglade": 1085,
    "Steamwheedle Cartel": 1085,
    "The Sha'tar": 1085,
    "Elune": 1315,
    "Varimathras": 1315,
    "Hellfire": 1587,
    "Runetotem": 1587,
    "Arathor": 1587,
    "Kilrogg": 1587,
    "Nagrand": 1587,
    "Outland": 1301,
    "Azuregos": 1922,
    "Ashenvale": 1923,
    "Norgannon": 1408,
    "Dun Morogh": 1408,
    "Silvermoon": 3391,
    "Spinebreaker": 3656,
    "Dragonmaw": 3656,
    "Vashj": 3656,
    "Stormreaver": 3656,
    "Haomarush": 3656,
    "Genjuros": 3657,
    "Zenedar": 3657,
    "Bladefist": 3657,
    "Neptulon": 3657,
    "Frostwhisper": 3657,
    "Darksorrow": 3657,
    "Shadowsong": 3666,
    "Aszune": 3666,
    "Argent Dawn": 3702,
    "Frostwolf": 3703,
    "Al'Akir": 3713,
    "Skullcrusher": 3713,
    "Xavius": 3713,
    "Burning Legion": 3713,
    "Twisting Nether": 3674,
    "Aegwynn": 3679,
    "Magtheridon": 3681,
    "Ragnaros": 3682,
    "Antonidas": 3686,
    "Khaz Modan": 3690,
    "Echsenkessel": 3691,
    "Blackhand": 3691,
    "Mal'Ganis": 3691,
    "Taerar": 3691,
    "Eredar": 3692,
    "Nethersturm": 3696,
    "Alexstrasza": 3696,
    "Madmortem": 3696,
    "Proudmoore": 3696
}