{
    "Everlook": 4440,
    "Auberdine": 4441,
    "Lakeshire": 4442,
    "Chromie": 4452,
    "Pyrewood Village": 4453,
    "Mirage Raceway": 4454,
    "Razorfen": 4455,
    "Nethergarde Keep": 4456,
    "Sulfuron": 4464,
    "Golemagg": 4465,
    "Patchwerk": 4466,
    "Firemaw": 4467,
    "Flamegor": 4474,
    "Gehennas": 4476,
    "Venoxis": 4477,
    "Hydraxian Waterlords": 4678,
    "Mograine": 4701,
    "Amnennar": 4703,
    "Ashbringer": 4742,
    "Transcendence": 4745,
    "Earthshaker": 4749,
    "Giantstalker": 4811,
    "Mandokir": 4813,
    "Thekal": 4815,
    "Jin'do": 4816
}