[
{"ilvl": 457, "buyout":175001, "sockets": false, "speed": false, "leech": false, "avoidance": false,"item_ids": [208420]},
{"ilvl": 457, "buyout":175001, "sockets": false, "speed": false, "leech": false, "avoidance": false,"item_ids": [208420]},
{"ilvl": 457, "buyout":100001, "sockets": false, "speed": false, "leech": false, "avoidance": false,"item_ids": [208426, 208428, 208431]},
{"ilvl": 457, "buyout":50001, "sockets": false, "speed": false, "leech": false, "avoidance": false,"item_ids": [208427, 208434, 208430]},
{"ilvl": 457, "buyout":175001, "sockets": false, "speed": false, "leech": false, "avoidance": false,"item_ids": [208442]},
{"ilvl": 470, "buyout":250001, "sockets": false, "speed": false, "leech": false, "avoidance": false,"item_ids": [208420]},
{"ilvl": 470, "buyout":150001, "sockets": false, "speed": false, "leech": false, "avoidance": false,"item_ids": [208426, 208428, 208431]},
{"ilvl": 470, "buyout": 250001, "sockets": false, "speed": false, "leech": false, "avoidance": false,"item_ids": [208442]},
{"ilvl": 470, "buyout":100001, "sockets": false, "speed": false, "leech": false, "avoidance": false,"item_ids": [208427, 208434, 208430, 208432]},
{"ilvl": 470, "buyout": 180001, "sockets": true, "speed": false, "leech": false, "avoidance": false,"item_ids": [208430]},
{"ilvl": 470, "buyout": 350001, "sockets": true, "speed": false, "leech": true, "avoidance": true,"item_ids": [208420]},
{"ilvl": 470, "buyout": 220001, "sockets": true, "speed": false, "leech": true, "avoidance": true,"item_ids": [208432]},
{"ilvl": 470, "buyout": 420001, "sockets": true, "speed": false, "leech": true, "avoidance": true,"item_ids": [208442]},
{"ilvl": 470, "buyout": 220001, "sockets": true, "speed": false, "leech": true, "avoidance": true,"item_ids": [208426, 208428, 208431]},
{"ilvl": 483, "buyout": 850001, "sockets": true, "speed": false, "leech": false, "avoidance": false,"item_ids": [208426, 208432]},
{"ilvl": 483, "buyout": 500001, "sockets": true, "speed": false, "leech": false, "avoidance": false,"item_ids": [208430]},
{"ilvl": 483, "buyout": 1000001, "sockets": true, "speed": false, "leech": false, "avoidance": false,"item_ids": [208420]},
{"ilvl": 483, "buyout": 1400001, "sockets": true, "speed": false, "leech": true, "avoidance": true,"item_ids": [208442]},
{"ilvl": 483, "buyout": 600001, "sockets": false, "speed": false, "leech": false, "avoidance": false,"item_ids": [208442]},
{"ilvl": 483, "buyout": 1200001, "sockets": false, "speed": false, "leech": true, "avoidance": true,"item_ids": [208420]},
{"ilvl": 483, "buyout": 1000001, "sockets": false, "speed": false, "leech": true, "avoidance": true,"item_ids": [208432]},
{"ilvl": 483, "buyout": 1200001, "sockets": false, "speed": false, "leech": false, "avoidance": true,"item_ids": [208428, 208434]},
{"ilvl": 483, "buyout": 700001, "sockets": false, "speed": false, "leech": true, "avoidance": false,"item_ids": [208428, 208434, 208430, 208431]},
{"ilvl": 483, "buyout": 900001, "sockets": false, "speed": false, "leech": false, "avoidance": true,"item_ids": [208430, 208431]},
{"ilvl": 483, "buyout": 700001, "sockets": false, "speed": false, "leech": true, "avoidance": false,"item_ids": [208430, 208431]},
{"ilvl": 483, "buyout": 700001, "sockets": false, "speed": false, "leech": false, "avoidance": true,"item_ids": [208426, 208427]},
{"ilvl": 483, "buyout": 1200001, "sockets": false, "speed": false, "leech": true, "avoidance": false,"item_ids": [208426, 208427]},
{"ilvl": 483, "buyout": 10001, "sockets": false, "speed": false, "leech": true, "avoidance": false}
]