{
    "Azjol-Nerub": 121,
    "Muradin": 121,
    "Nordrassil": 121,
    "Blackrock": 121,
    "Khaz Modan": 121,
    "Firetree": 127,
    "Drak'Tharon": 127,
    "Rivendare": 127,
    "Vashj": 127,
    "Spirestone": 127,
    "Malorne": 127,
    "Frostwolf": 127,
    "Stormscale": 127,
    "Runetotem": 151,
    "Uther": 151,
    "Draenor": 115,
    "Echo Isles": 115,
    "Aggramar": 106,
    "Fizzcrank": 106,
    "Ravencrest": 1072,
    "Uldaman": 1072,
    "Stormreaver": 58,
    "Elune": 67,
    "Laughing Skull": 67,
    "Auchindoun": 67,
    "Cho'gall": 67,
    "Gilneas": 67,
    "Bleeding Hollow": 73,
    "Trollbane": 1175,
    "Grizzly Hills": 1175,
    "Malfurion": 1175,
    "Lothar": 1175,
    "Kael'thas": 1175,
    "Gnomeregan": 1175,
    "Moonrunner": 1175,
    "Ghostlands": 1175,
    "Vek'nilash": 1184,
    "Nazgrel": 1184,
    "Nesingwary": 1184,
    "Sen'jin": 1185,
    "Dunemaul": 1185,
    "Maiev": 1185,
    "Bloodscalp": 1185,
    "Quel'dorei": 1185,
    "Boulderfist": 1185,
    "Stonemaul": 1185,
    "Argent Dawn": 75,
    "The Scryers": 75,
    "Dragonmaw": 84,
    "Uldum": 84,
    "Akama": 84,
    "Korialstrasz": 84,
    "Eldre'Thalas": 84,
    "Mug'thol": 84,
    "Antonidas": 84,
    "Silvermoon": 86,
    "Skywall": 86,
    "Terenas": 86,
    "Hydraxis": 86,
    "Drak'thul": 86,
    "Borean Tundra": 86,
    "Mok'Nathal": 86,
    "Shadowsong": 86,
    "Eonar": 96,
    "Skullcrusher": 96,
    "Gul'dan": 96,
    "Zuluhed": 96,
    "Ursin": 96,
    "Andorhal": 96,
    "Black Dragonflight": 96,
    "Velen": 96,
    "Scilla": 96,
    "Llane": 99,
    "Arygos": 99,
    "Earthen Ring": 100,
    "Malygos": 104,
    "Garona": 104,
    "Lightning's Blade": 104,
    "Icecrown": 104,
    "Onyxia": 104,
    "Burning Blade": 104,
    "Dragonblight": 114,
    "Fenris": 114,
    "Hellscream": 53,
    "Gorefiend": 53,
    "Spinebreaker": 53,
    "Zangarmarsh": 53,
    "Wildhammer": 53,
    "Eredar": 53,
    "Kilrogg": 4,
    "Winterhoof": 4,
    "Eitrigg": 47,
    "Shu'halo": 47,
    "Feathermoon": 118,
    "Scarlet Crusade": 118,
    "Proudmoore": 5,
    "Silver Hand": 12,
    "Thorium Brotherhood": 12,
    "Farstriders": 12,
    "Cairne": 1168,
    "Cenarius": 1168,
    "Frostmane": 1168,
    "Tortheldrin": 1168,
    "Ner'zhul": 1168,
    "Korgath": 1168,
    "Perenolde": 1168,
    "Wyrmrest Accord": 1171,
    "Aegwynn": 1136,
    "Gurubashi": 1136,
    "Bonechewer": 1136,
    "Hakkar": 1136,
    "Garrosh": 1136,
    "Daggerspine": 1136,
    "Emerald Dream": 162,
    "Blackhand": 54,
    "Galakrond": 54,
    "Whisperwind": 55,
    "Dentarg": 55,
    "Stormrage": 60,
    "Durotan": 63,
    "Ysera": 63,
    "Bloodhoof": 64,
    "Duskwood": 64,
    "Rexxar": 1151,
    "Misha": 1151,
    "Staghelm": 160,
    "Dawnbringer": 160,
    "Madoran": 160,
    "Azuremyst": 160,
    "Illidan": 57,
    "Sargeras": 76,
    "Azgalor": 77,
    "Thunderlord": 77,
    "Destromath": 77,
    "Blood Furnace": 77,
    "Mannoroth": 77,
    "Nazjatar": 77,
    "Azshara": 77,
    "Magtheridon": 78,
    "Anetheron": 78,
    "Ysondre": 78,
    "Altar of Storms": 78,
    "Drakkari": 1425,
    "Aerie Peak": 1426,
    "Ragnaros": 1427,
    "Shadow Council": 125,
    "Sisters of Elune": 125,
    "Cenarion Circle": 125,
    "Blackwater Raiders": 125,
    "Alexstrasza": 1070,
    "Terokkar": 1070,
    "Kirin Tor": 1071,
    "Steamwheedle Cartel": 1071,
    "Sentinels": 1071,
    "Kul Tiras": 1147,
    "Bladefist": 1147,
    "Zul'jin": 61,
    "Maelstrom": 163,
    "Twisting Nether": 163,
    "Lightninghoof": 163,
    "The Venture Co": 163,
    "Ravenholdt": 163,
    "Kalecgos": 155,
    "Shattered Halls": 155,
    "Executus": 155,
    "Deathwing": 155,
    "Dark Iron": 157,
    "Shattered Hand": 157,
    "Coilfang": 157,
    "Demon Soul": 157,
    "Dalvengyr": 157,
    "Agamaggan": 1129,
    "Kargath": 1129,
    "Burning Legion": 1129,
    "Thunderhorn": 1129,
    "The Underbog": 1129,
    "Blade's Edge": 1129,
    "Archimonde": 1129,
    "Norgannon": 1129,
    "Jaedenar": 1129,
    "Baelgun": 1190,
    "Doomhammer": 1190,
    "Tichondrius": 11,
    "Suramar": 113,
    "Windrunner": 113,
    "Darrowmere": 113,
    "Draka": 113,
    "Alleria": 52,
    "Exodar": 52,
    "Medivh": 52,
    "Khadgar": 52,
    "Arthas": 69,
    "Detheroc": 154,
    "Dethecus": 154,
    "Lethon": 154,
    "Blackwing Lair": 154,
    "Shadowmoon": 154,
    "Haomarush": 154,
    "Gallywix": 3234,
    "Greymane": 158,
    "Tanaris": 158,
    "Kil'jaeden": 9,
    "Darkspear": 120,
    "Bronzebeard": 117,
    "Shandris": 117,
    "Chromaggus": 1138,
    "Nathrezim": 1138,
    "Smolderthorn": 1138,
    "Anub'arak": 1138,
    "Arathor": 1138,
    "Garithos": 1138,
    "Drenden": 1138,
    "Crushridge": 1138,
    "Warsong": 71,
    "Gorgonnash": 71,
    "The Forgotten Coast": 71,
    "Balnazzar": 71,
    "Alterac Mountains": 71,
    "Undermine": 71,
    "Anvilmar": 71,
    "Quel'Thalas": 1428,
    "Goldrinn": 3207,
    "Nemesis": 3208,
    "Tol Barad": 3208,
    "Azralon": 3209,
    "Dalaran": 3683,
    "Mal'Ganis": 3684,
    "Turalyon": 3685,
    "Moon Guard": 3675,
    "Area 52": 3676,
    "Thrall": 3678,
    "Hyjal": 3661,
    "Kel'Thuzad": 3693,
    "Lightbringer": 3694,
    "Caelestrasz": 3721,
    "Nagrand": 3721,
    "Saurfang": 3721,
    "Barthilas": 3723,
    "Frostmourne": 3725,
    "Dreadmaul": 3725,
    "Thaurissan": 3725,
    "Jubei'Thos": 3725,
    "Gundrak": 3725,
    "Khaz'goroth": 3726,
    "Aman'Thul": 3726,
    "Dath'Remar": 3726
}