{
    "Atiesh": 4372,
    "Myzrael": 4373,
    "Old Blanchy": 4374,
    "Azuresong": 4376,
    "Mankrik": 4384,
    "Pagle": 4385,
    "Ashkandi": 4387,
    "Westfall": 4388,
    "Whitemane": 4395,
    "Faerlina": 4408,
    "Grobbulus": 4647,
    "Bloodsail Buccaneers": 4648,
    "Remulos": 4667,
    "Arugal": 4669,
    "Yojamba": 4670,
    "Skyfury": 4725,
    "Sulfuras": 4726,
    "Windseeker": 4727,
    "Benediction": 4728,
    "Earthfury": 4731,
    "Maladath": 4738,
    "Angerforge": 4795,
    "Eranikus": 4800
}